"alias","policy_area","series_name","name","link","published_year","published_date","published_by","internal_external","routine_adhoc","name1","link1","name2","link2","name3","link3","name4","link4","name5","link5","name6","link6","name7","link7","name8","link8","notes","sort_date","next_updated"
"SBS12","Business, Employability and Skills","Small Business Survey","Small Business Survey 2012","https://www.gov.uk/government/publications/small-business-survey-2012-sme-employers",2013,2013-03-01,,"External","Routine",,,,,,,,,,,,,,,,,,15765,
"SBS14","Business, Employability and Skills","Small Business Survey","Small Business Survey 2014","https://www.gov.uk/government/publications/small-business-survey-2014-businesses-with-employees",2015,2015-03-03,,"External","Routine",,,,,,,,,,,,,,,,,"More recent data is currently unavailable",16497,
,"Business, Enterprise and Tourism","Delivering through diversity: Diversity and financial performance in 2017","Delivering through diversity: Diversity and financial performance in 2017","https://www.mckinsey.com/~/media/McKinsey/Business%20Functions/Organization/Our%20Insights/Delivering%20through%20diversity/Delivering-through-diversity_full-report.ashx",2018,,"McKinsey & Company","External","Ad Hoc",,,,,,,,,,,,,,,,,,17532,
,"Business, Enterprise and Tourism","Female FTSE Index","Female FTSE Index","https://www.cranfield.ac.uk/som/expertise/changing-world-of-work/gender-and-leadership/female-ftse-index",,,"Cranfield School of Management","External","Ad Hoc",,,,,,,,,,,,,,,,,,,
,"Business, Enterprise and Tourism","Global Entrepreneurship Monitor","Global Entrepreneurship Monitor","https://www.strath.ac.uk/business/huntercentreforentrepreneurship/research/globalentrepreneurshipmonitor/",,,"University of Strathclyde","External","Ad Hoc",,,,,,,,,,,,,,,,,,,
,"Business, Enterprise and Tourism","Small Business Survey reports","Small Business Survey reports","https://www.gov.uk/government/collections/small-business-survey-reports",,,"Department for Business, Innovation and Skills","External","Ad Hoc",,,,,,,,,,,,,,,,,,,
"SBS16","Business, Enterprise and Tourism","Small Business Survey Scotland","Small Business Survey Scotland 2016","https://beta.gov.scot/publications/small-business-survey-scotland-2016/",2017,2017-08-01,,"Internal","Routine",,,,,,,,,,,,,,,,,,17379,
,"Children and Families","Bullying Experiences among disabled children and young people in England: Evidence from two longitudinal studies","Bullying Experiences among disabled children and young people in England: Evidence from two longitudinal studies","http://www.cls.ioe.ac.uk/page.aspx?&sitesectionid=1203&sitesectiontitle=Trajectories+and+transitions+in+the+cognitive+and+educational+development+of+disabled+children+and+young+people",2014,,"Centre for Longitudinal Studies","External","Ad Hoc",,,,,,,,,,,,,,,,,,16071,
"CSWS16","Children and Families","Children's Social Work Statistics","Children's Social Work Statistics 2015/16","http://www.gov.scot/Publications/2017/03/6791",2017,2017-03-01,,"Internal","Routine",,,,,,,,,,,,,,,,,,17226,
"CSWS17","Children and Families","Children's Social Work Statistics Scotland","Children's Social Work Statistics Scotland 2016/17","http://www.gov.scot/stats/bulletins/01308",2018,2018-03-01,,"Internal","Routine",,,,,,,,,,,,,,,,,,17591,
"CSWS16_extra","Children and Families","Children's Social Work Statistics: Additional Tables","Children's Social Work Statistics: Additional Tables 2015/16","http://www.gov.scot/Topics/Statistics/Browse/Children/PubChildrenSocialWork/CSWSAT1516",2017,2017-03-01,,"Internal","Routine",,,,,,,,,,,,,,,,,,17226,
"ELAC15","Children and Families","Education Outcomes for Looked After Children","Education Outcomes for Looked After Children 2014/15","http://www.gov.scot/Publications/2016/06/7455",2016,2016-06-01,,"Internal","Routine",,,,,,,,,,,,,,,,,,16953,
,"Children and Families","Education Outcomes for Looked After Children","Education Outcomes for Looked After Children 2015/16","http://www.gov.scot/stats/bulletins/01282",2017,2017-06-01,,"Internal","Routine",,,,,,,,,,,,,,,,,,17318,
"ELC16","Children and Families","Summary Statistics for Schools: Early Learning and Childcare","Summary Statistics for Schools, No. 7: 2016 Edition: Early Learning and Childcare","http://www.gov.scot/Topics/Statistics/Browse/Children/Pubs-Pre-SchoolEducation/ELCAdditionalTables2016",2016,2016-12-01,,"Internal","Routine",,,,,,,,,,,,,,,,,,17136,
"ELC16","Children and Families","Summary Statistics for Schools: Early Learning and Childcare","Summary Statistics for Schools, No. 8: 2017 Edition: Early Learning and Childcare","http://www.gov.scot/Topics/Statistics/Browse/Children/Pubs-Pre-SchoolEducation/ELCAdditionalTables2017",2017,2017-12-01,,"Internal","Routine",,,,,,,,,,,,,,,,,,17501,
,"Children and Families","Young Gypsies & Travellers in Scotland","Young Gypsies & Travellers in Scotland","https://www.gypsy-traveller.org/resource/having-our-say/",,,,"External","Ad Hoc",,,,,,,,,,,,,,,,,,,
"CJSW15","Crime and Justice","Criminal Justice Social Work Statistics","Criminal Justice Social Work Statistics 2014-15","http://www.gov.scot/Publications/2016/03/5682",2016,2016-03-01,,"Internal","Routine",,,,,,,,,,,,,,,,,,16861,
,"Crime and Justice","Criminal Justice Social Work Statistics","Criminal Justice Social Work Statistics 2016-17","http://www.gov.scot/Publications/2018/02/1455",2018,2018-02-01,,"Internal","Routine",,,,,,,,,,,,,,,,,,17563,
"CrProceedings15","Crime and Justice","Criminal Proceedings in Scotland","Criminal Proceedings in Scotland 2014/15","http://www.gov.scot/Publications/2016/02/6001",2016,2016-02-01,,"Internal","Routine",,,,,,,,,,,,,,,,,,16832,
"CrProceedings16","Crime and Justice","Criminal Proceedings in Scotland","Criminal Proceedings in Scotland, 2015-16","http://www.gov.scot/Publications/2017/01/6376",2017,2017-01-01,,"Internal","Routine",,,,,,,,,,,,,,,,,,17167,
,"Crime and Justice","Criminal Proceedings in Scotland","Criminal Proceedings in Scotland, 2016-17","http://www.gov.scot/Publications/2018/02/7427",2018,2018-02-01,,"Internal","Routine",,,,,,,,,,,,,,,,,,17563,
,"Crime and Justice","Domestic abuse recorded by the police in Scotland","Domestic abuse recorded by the police in Scotland, 2015-16","http://www.gov.scot/Publications/2016/10/2442",2016,2016-10-01,,"Internal","Routine",,,,,,,,,,,,,,,,,,17075,
,"Crime and Justice","Domestic abuse recorded by the police in Scotland","Domestic abuse recorded by the police in Scotland, 2016-17","http://www.gov.scot/Publications/2017/10/3700",2017,2017-10-01,,"Internal","Routine",,,,,,,,,,,,,,,,,,17440,
,"Crime and Justice","Fire and Rescue Statistics Scotland","Fire and Rescue Statistics Scotland","http://www.firescotland.gov.uk/about-us/fire-and-rescue-statistics.aspx",,,"Fire Scotland","External","Routine",,,,,,,,,,,,,,,,,,,
,"Crime and Justice","Hidden in Plain Sight","Hidden in Plain Sight: The Inquiry Final Report","https://www.equalityhumanrights.com/en/publication-download/hidden-plain-sight-inquiry-disability-related-harassment-executive-summary",2011,,"EHRC","External","Ad Hoc",,,,,,,,,,,,,,,,,,14975,
,"Crime and Justice","Homicide in Scotland","Homicide in Scotland, 2016-17","http://www.gov.scot/Publications/2017/10/3382",2017,2017-10-01,,"Internal","Routine",,,,,,,,,,,,,,,,,,17440,
,"Crime and Justice","Police Officer Quarterly Strength Statistics Scotland","Police Officer Quarterly Strength","http://www.gov.scot/Topics/Statistics/Browse/Crime-Justice/PublicationPoliceStrength",2018,2018-02-01,,"Internal","Routine",,,,,,,,,,,,,,,,,,17563,
,"Crime and Justice","Police Officer Quarterly Strength Statistics Scotland","Police Officer Quarterly Strength","http://www.gov.scot/Topics/Statistics/Browse/Crime-Justice/PublicationPoliceStrength/POQS2018Q1",2018,2018-05-01,,"Internal","Routine",,,,,,,,,,,,,,,,,,17652,
"prisonPop14","Crime and Justice","Prison statistics and population projections Scotland","Prison statistics and population projections Scotland 2013/14","http://www.gov.scot/Publications/2015/12/5123",2015,2015-12-01,,"Internal","Ad Hoc",,,,,,,,,,,,,,,,,,16770,
"prisonPop12","Crime and Justice","Prison statistics and population projections Scotland","Prison statistics and population projections Scotland: 2011-12","http://www.gov.scot/Publications/2012/06/6972",2012,2012-06-01,,"Internal","Ad Hoc",,,,,,,,,,,,,,,,,,15492,
"racism14","Crime and Justice","Racist Incidents Recorded by the Police in Scotland","Racist Incidents Recorded by the Police in Scotland, 2013-14","http://www.gov.scot/Publications/2015/11/7911",2015,2015-11-01,,"Internal","Routine",,,,,,,,,,,,,,,,,,16740,
,"Crime and Justice","Reconviction Rates in Scotland","Reconviction Rates in Scotland: 2014-15 Offender Cohort","http://www.gov.scot/Publications/2017/05/8362",2017,2017-05-01,,"Internal","Routine",,,,,,,,,,,,,,,,,,17287,
,"Crime and Justice","Recorded Crime in Scotland","Recorded Crime in Scotland, 2016-17","http://www.gov.scot/Publications/2017/09/3075",2017,2017-09-01,,"Internal","Routine",,,,,,,,,,,,,,,,,,17410,
"CrReligion17","Crime and Justice","Religiously aggravated offending in Scotland","Religiously aggravated offending in Scotland 2016-17","http://www.gov.scot/Publications/2017/06/6107",2017,2017-06-01,,"Internal","Routine",,,,,,,,,,,,,,,,,,17318,
"SCJS15","Crime and Justice","Scottish Crime and Justice Survey","Scottish Crime and Justice Survey 2014/15","http://www.gov.scot/Publications/2016/03/5269",2016,2016-03-01,,"Internal","Routine",,,,,,,,,,,,,,,,,,16861,
"SCJS16","Crime and Justice","Scottish Crime and Justice Survey","Scottish Crime and Justice Survey 2015/16",,2017,2017-03-01,,"Internal","Routine",,,,,,,,,,,,,,,,,,17226,
,"Crime and Justice","Scottish Crime and Justice Survey","Scottish Crime and Justice Survey 2016-17","http://www.gov.scot/Topics/Statistics/Browse/Crime-Justice/crime-and-justice-survey/publications/2016-17publication",2018,2018-03-01,,"Internal","Routine",,,,,,,,,,,,,,,,,,17591,
"SCJS15_drug","Crime and Justice","Scottish Crime and Justice Survey: Drug Use","Scottish Crime and Justice Survey 2014/15: Drug Use","http://www.gov.scot/Publications/2016/06/8687",2016,2016-06-01,,"Internal","Routine",,,,,,,,,,,,,,,,,,16953,
,"Crime and Justice","The Experience of Civil Law Problems in Scotland 1997-2004","The Experience of Civil Law Problems in Scotland 1997-2004","http://www.gov.scot/Publications/2010/11/15095623/0",2010,,,"Internal","Ad Hoc",,,,,,,,,,,,,,,,,,14610,
,"Culture, Communities and Society","Cultural Consumption in Scotland","Cultural Consumption in Scotland","http://www.gov.scot/Publications/2011/02/23102413/0",2011,2011-02-01,,"Internal","Ad Hoc",,,,,,,,,,,,,,,,,,15006,
,"Culture, Communities and Society","National Indicator: Cultural Engagement","National Indicator: Cultural Engagement","http://www.gov.scot/About/Performance/scotPerforms/indicator/culture#importance",2017,2017-09-01,,"Internal","Routine",,,,,,,,,,,,,,,,,,17410,
,"Culture, Communities and Society","People, Culture and Heritage in Scotland","People, Culture and Heritage in Scotland","http://www.gov.scot/Publications/2015/01/2156",2015,2015-01-01,,"Internal","Ad Hoc",,,,,,,,,,,,,,,,,,16436,
,"Culture, Communities and Society","Reporting on Progress towards Equality of Opportunity between Disabled Persons and Other Persons made by Public Authorities in Scotland: The Scottish Ministers' Duties: The Arts, Culture and Built Heritage","Reporting on Progress towards Equality of Opportunity between Disabled Persons and Other Persons made by Public Authorities in Scotland: The Scottish Ministers' Duties: The Arts, Culture and Built Heritage","Reporting on Progress towards Equality of Opportunity between Disabled Persons and Other Persons made by Public Authorities in Scotland: The Scottish Ministers' Duties: The Arts, Culture and Built Heritage (2008)",2008,2008-11-01,,"Internal","Ad Hoc",,,,,,,,,,,,,,,,,,14184,
"SHS13_culture","Culture, Communities and Society","Scottish Household Survey 2013: People, Culture and Heritage in Scotland","Scottish Household Survey 2013: People, Culture and Heritage in Scotland","http://www.gov.scot/Publications/2015/01/2156",2015,2015-01-01,,"Internal","Ad hoc",,,,,,,,,,,,,,,,,,16436,
,"Culture, Communities and Society","Taking Part focus on: social media","Taking Part focus on: social media","https://www.gov.uk/government/uploads/system/uploads/attachment_data/file/519678/Social_media_-_FINAL.pdf",2016,2016-04-01,"DCMS","External","Ad Hoc",,,,,,,,,,,,,,,,,,16892,
,"Demographics","2011 Census","2011 Census Releases","http://www.scotlandscensus.gov.uk/census-releases",,,"NRS","Internal","Ad Hoc",,,,,,,,,,,,,,,,,,,
"census2A","Demographics","2011 Census: Release 2A","2011 Census: Release 2A","http://www.scotlandscensus.gov.uk/statistical-bulletins",2013,,"NRS","Internal","Ad Hoc",,,,,,,,,,,,,,,,,,15706,
"census2B","Demographics","2011 Census: Release 2B","2011 Census: Release 2B","http://www.scotlandscensus.gov.uk/statistical-bulletins",2013,,"NRS","Internal","Ad Hoc",,,,,,,,,,,,,,,,,,15706,
,"Demographics","Local Area Migration","Local Area Migration 2016","https://www.nrscotland.gov.uk/statistics-and-data/statistics/statistics-by-theme/migration/migration-statistics/local-area-migration#spreadsheet",2017,2017-08-01,"NRS","Internal","Routine",,,,,,,,,,,,,,,,,,17379,
,"Demographics","Mid-Year Population Estimates","Mid-2017 Population Estimates Scotland","https://www.nrscotland.gov.uk/statistics-and-data/statistics/statistics-by-theme/population/population-estimates/mid-year-population-estimates",2018,2018-04-01,"NRS","Internal","Routine",,,,,,,,,,,,,,,,,,17622,
"pop16","Demographics","Mid-Year Population Estimates","Mid Year Population Estimates Scotland Mid-2016","https://www.nrscotland.gov.uk/statistics-and-data/statistics/statistics-by-theme/population/population-estimates/mid-year-population-estimates/mid-2016",2017,2017-04-01,"NRS","Internal","Routine",,,,,,,,,,,,,,,,,,17257,
"nrs_transgender16","Demographics","NRS Registration Division","NRS Registration Division",,2016,,"NRS","Internal","Routine",,,,,,,,,,,,,,,,,,16801,
,"Demographics","NRS Scotland Statistics","NRS Scotland Statistics","https://www.nrscotland.gov.uk/statistics-and-data",,,"NRS","Internal","Ad Hoc",,,,,,,,,,,,,,,,,,,
,"Demographics","Population by Country of Birth and Nationality","Population by Country of Birth and Nationality, 2016-17","https://www.nrscotland.gov.uk/statistics-and-data/statistics/statistics-by-theme/population/population-estimates/population-by-country-of-birth-and-nationality/june-2017",2017,2017-11-01,"NRS","Internal","Routine",,,,,,,,,,,,,,,,,,17471,
,"Demographics","Population Estimates for Settlements and Localities","Mid-2016 Population Estimates for Settlements and Localities in Scotland","https://www.nrscotland.gov.uk/statistics-and-data/statistics/statistics-by-theme/population/population-estimates/special-area-population-estimates/settlements-and-localities",2018,2018-03-01,"NRS","Internal","Ad Hoc",,,,,,,,,,,,,,,,,,17591,
,"Demographics","Scotland's Census 2011: Data Visualisation Tool","Scotland's Census 2011: Data Visualisation Tool","http://www.scotlandscensus.gov.uk/ods-web/data-visualisations.html",,,"NRS","Internal","Ad Hoc",,,,,,,,,,,,,,,,,,,
,"Demographics","Scotland's Population - The Registrar General's Annual Review of Demographic Trends","Scotland's Population 2016 - The Registrar General's Annual Review of Demographic Trends","https://www.nrscotland.gov.uk/statistics-and-data/statistics/stats-at-a-glance/registrar-generals-annual-review/2016",2017,2017-08-01,"NRS","Internal","Routine",,,,,,,,,,,,,,,,,,17379,
"nrs_info15","Demographics","Scotland's Population: Infographic Report","Scotland's Population 2015: Infographic Report","http://www.nrscotland.gov.uk/files//statistics/nrs-visual/rgar-2015-infog-booklet.pdf",2016,2016-08-01,"NRS","Internal","Routine",,,,,,,,,,,,,,,,,,17014,
,"Demographics","Scotland's Population: Infographic Report","Scotland's Population 2016: Infographic Report","https://www.nrscotland.gov.uk/files//statistics/nrs-visual/rgar16/16rgar-infographic.pdf",2017,2017-08-01,"NRS","Internal","Routine",,,,,,,,,,,,,,,,,,17379,
,"Demographics","Small Area Population Estimates","Mid-2016 Small Area Population Estimates for 2011 Data Zones","https://www.nrscotland.gov.uk/statistics-and-data/statistics/statistics-by-theme/population/population-estimates/2011-based-special-area-population-estimates/small-area-population-estimates",2017,2017-08-01,"NRS","Internal","Routine",,,,,,,,,,,,,,,,,,17379,
"registrargeneral15","Demographics","The Registrar General's Annual Review of Demographic Trends","The Registrar General's Annual Review of Demographic Trends","http://www.nrscotland.gov.uk/statistics-and-data/statistics/stats-at-a-glance/registrar-generals-annual-review/2015",2016,2016-08-01,"NRS","Internal","Routine",,,,,,,,,,,,,,,,,,17014,
"college17","Employability, Skills and Lifelong Learning","College Statistics","College Statistics 2016-17","http://www.sfc.ac.uk/publications-statistics/statistical-publications/statistical-publications-2018/SFCST012018.aspx",2018,2018-01-01,"SFC","External","Routine",,,,,,,,,,,,,,,,,,17532,
,"Employability, Skills and Lifelong Learning","Education Beyond the Straight and Narrow","Education Beyond the Straight and Narrow","http://www.nus.org.uk/Global/LGBT%20research%20report_web.pdf",2014,,"NUS","External","Ad Hoc",,,,,,,,,,,,,,,,,,16071,
,"Employability, Skills and Lifelong Learning","Graduate outcomes by University and subject","Graduate outcomes by University and subject (LEO data) 2015/16 - Scotland","http://www.gov.scot/Publications/2018/06/6292",,2018-06-21,,"Internal","Routine",,,,,,,,,,,,,,,,,,,
"HE16","Employability, Skills and Lifelong Learning","Higher Education Students and Qualifiers at Scottish Institutions","Higher Education Students and Qualifiers at Scottish Institutions 2015/16","http://www.sfc.ac.uk/publications-statistics/statistical-publications/statistical-publications-2017/SFCST062017.aspx",2017,2017-03-01,"SFC","External","Routine",,,,,,,,,,,,,,,,,,17226,
"HE16","Employability, Skills and Lifelong Learning","Higher Education Students and Qualifiers at Scottish Institutions","Higher Education Students and Qualifiers at Scottish Institutions 2016/17","http://www.sfc.ac.uk/publications-statistics/statistical-publications/statistical-publications-2018/SFCST042018.aspx",2018,2018-03-01,"SFC","External","Routine",,,,,,,,,,,,,,,,,,17591,
"apprentice16","Employability, Skills and Lifelong Learning","Modern Apprenticeship Performance Report","Modern Apprenticeship Statistics 2016/17","http://www.skillsdevelopmentscotland.co.uk/media/43282/modern-apprenticeship-statistics-quarter-4-2016-17.pdf",2017,2017-06-01,"Skills Development Scotland","External","Routine",,,,,,,,,,,,,,,,,,17318,
"participation16","Employability, Skills and Lifelong Learning","Participation Measure","Participation Measure 2017","http://www.skillsdevelopmentscotland.co.uk/publications-statistics/statistics/participation-measure?page=1&statisticCategoryId=7&order=date-desc",2017,2017-08-01,"Skills Development Scotland","External","Routine",,,,,,,,,,,,,,,,,,17379,
"widening_access16","Employability, Skills and Lifelong Learning","Report on Widening Access For All","Report on Widening Access For All 2015/16","http://www.sfc.ac.uk/publications-statistics/statistical-publications/statistical-publications-2017/SFCST082017.aspx",2017,2017-09-01,"SFC","External","Routine",,,,,,,,,,,,,,,,,"Formerly Learning for All",17410,
"work_first","Employability, Skills and Lifelong Learning","Work First Scotland & Work Able Scotland","Work First Scotland & Work Able Scotland 2017","https://beta.gov.scot/publications/scotlands-devolved-employment-services-work-first-scotland-work-scotland-2017-9781788516792/",2018,2018-02-01,,"Internal","Routine",,,,,,,,,,,,,,,,,,17563,
,"Health, Social Care and Sport","Active Scotland Outcomes: Indicator Equality Analysis","Active Scotland Outcomes: Indicator Equality Analysis","http://www.gov.scot/Publications/2015/11/9439",2015,2015-11-01,,"Internal","Ad Hoc",,,,,,,,,,,,,,,,,,16740,
,"Health, Social Care and Sport","Care Home Census","Care Home Census 2016","http://www.isdscotland.org/Health-Topics/Health-and-Social-Community-Care/Publications/index.asp?#1769",2016,2016-10-01,,"Internal","Routine",,,,,,,,,,,,,,,,,,17075,
,"Health, Social Care and Sport","Caring in Scotland: Analysis of Existing Data Sources on Unpaid Carers in Scotland","Caring in Scotland: Analysis of Existing Data Sources on Unpaid Carers in Scotland","http://www.gov.scot/Publications/2010/07/23172004/0",2010,2010-07-01,,"Internal","Ad Hoc",,,,,,,,,,,,,,,,,,14791,
,"Health, Social Care and Sport","Children and Young People Statistics 2013","Children and Young People Statistics 2013","https://www.bhf.org.uk/publications/statistics/children-and-young-people-statistics-2013",,,"British Heart Foundation","External","Ad Hoc",,,,,,,,,,,,,,,,,,,
,"Health, Social Care and Sport","Dimensions of Diversity:Population Differences and Health Improvement Opportunities","Dimensions of Diversity:Population Differences and Health Improvement Opportunities","http://www.scotpho.org.uk/downloads/scotphoreports/scotpho100126_diversity_report.pdf",2010,,"NHS Health Scotland","Internal","Ad Hoc",,,,,,,,,,,,,,,,,,14610,
,"Health, Social Care and Sport","Drug-Related Hospital Statistics Scotland","Drug-Related Hospital Statistics Scotland 2016/17","http://www.isdscotland.org/Health-Topics/Drugs-and-Alcohol-Misuse/Publications/2017-09-26/2017-09-26-DRHS-Report.pdf?",2017,2017-09-01,"ISD","Internal","Routine",,,,,,,,,,,,,,,,,,17410,
,"Health, Social Care and Sport","Drug Related Deaths in Scotland","Drug Related Deaths in Scotland 2016","https://www.nrscotland.gov.uk/statistics-and-data/statistics/statistics-by-theme/vital-events/deaths/drug-related-deaths-in-scotland/2016",2017,2017-08-01,"NRS","Internal","Routine",,,,,,,,,,,,,,,,,,17379,
,"Health, Social Care and Sport","Experiences of Healthcare – Stonewall Health Briefing","Experiences of Healthcare – Stonewall Health Briefing","http://www.stonewall.org.uk/resources/experiences-healthcare-%E2%80%93-stonewall-health-briefing-2012",2012,,"Stonewall","External","Ad Hoc",,,,,,,,,,,,,,,,,,15340,
,"Health, Social Care and Sport","Gay and Bisexual Men’s Health Survey","Gay and Bisexual Men’s Health Survey","http://www.stonewall.org.uk/resources/gay-and-bisexual-men%E2%80%99s-health-survey-2013",2013,,"Stonewall","External","Ad Hoc",,,,,,,,,,,,,,,,,,15706,
,"Health, Social Care and Sport","Inpatient Experience Survey: Exploring differences in experience","Inpatient Experience Survey Volume 3: Exploring differences in experience","http://www.gov.scot/Publications/2017/04/3075",2017,2017-04-01,,"Internal","Ad Hoc",,,,,,,,,,,,,,,,,,17257,
,"Health, Social Care and Sport","ISD Equality Evidence Finder","ISD Equality Evidence Finder","http://www.isdscotland.org/equalityanddiversity/Equality-Evidence-Finder/index.asp",,,"NHS Scotland Information Services Division","Internal","Ad Hoc",,,,,,,,,,,,,,,,,,,
,"Health, Social Care and Sport","Learning Disabilities Scotland Statisics","Learning Disabilities Scotland Statisics 2017","http://www.scld.org.uk/what-we-do/population-statistics/2017-report/",2017,,"SCLD","External","Ad Hoc",,,,,,,,,,,,,,,,,,17167,
,"Health, Social Care and Sport","Lesbian, Gay and Bisexual People in later life Survey","Lesbian, Gay and Bisexual People in later life Survey","https://www.stonewall.org.uk/sites/default/files/LGB_people_in_Later_Life__2011_.pdf",2011,,"Stonewall","External","Ad Hoc",,,,,,,,,,,,,,,,,,14975,
,"Health, Social Care and Sport","Measuring Use of Health Services by Equality Group","Measuring Use of Health Services by Equality Group","https://www.isdscotland.org/Health-Topics/Equality-and-Diversity/Publications/2017-06-27/2017-06-27-Measuring-Use-of-Health-Services-by-Equality-Group-Report.pdf",2017,,"NHS Scotland Information Services Division","Internal","Ad Hoc",,,,,,,,,,,,,,,,,,17167,
"NHSstaff","Health, Social Care and Sport","NHS Workforce Statistics","NHS Workforce Statistics","http://www.isdscotland.scot.nhs.uk/Health-Topics/Workforce/Publications/index.asp",2017,2017-06-01,"ISD","Internal","Routine",,,,,,,,,,,,,,,,,,17318,
,"Health, Social Care and Sport","Respite Care","Respite Care 2015","http://www.gov.scot/Publications/2015/12/6824",2015,2015-12-01,,"Internal","Routine",,,,,,,,,,,,,,,,,,16770,
,"Health, Social Care and Sport","Scotland's Carers","Scotland's Carers","http://www.gov.scot/Publications/2015/03/1081",2015,2015-03-01,,"Internal","Ad Hoc",,,,,,,,,,,,,,,,,,16495,
,"Health, Social Care and Sport","Scotland’s Mental Health and its Context: Adults","Scotland’s Mental Health and its Context: Adults","http://www.scotpho.org.uk/downloads/scotphoreports/scotpho121019_mhadults2012_fullreport.pdf",2012,,"NHS Health Scotland","Internal","Ad Hoc",,,,,,,,,,,,,,,,,,15340,
,"Health, Social Care and Sport","Scottish Cancer Patient Experience Survey: Exploring Differences in Cancer Patient Experiences","Scottish Cancer Patient Experience Survey 2015/16: Exploring Differences in Cancer Patient Experiences","http://www.gov.scot/Publications/2017/09/6521",2017,2017-09-01,,"Internal","Ad Hoc",,,,,,,,,,,,,,,,,,17410,
"SHeS15","Health, Social Care and Sport","Scottish Health Survey","Scottish Health Survey 2015","http://www.gov.scot/Publications/2016/09/2764",2016,2016-09-01,,"Internal","Routine",,,,,,,,,,,,,,,,,,17045,
,"Health, Social Care and Sport","Scottish Health Survey","Scottish Health Survey 2016","http://www.gov.scot/Topics/Statistics/Browse/Health/scottish-health-survey/Publications",2017,2017-10-01,,"Internal","Routine",,,,,,,,,,,,,,,,,,17440,
,"Health, Social Care and Sport","Scottish Patient Experience Survey of GP and Local NHS Services: Variation in the Experiences of Primary Care Patients","Scottish Patient Experience Survey of GP and Local NHS Services 2011/12 Volume 3: Variation in the Experiences of Primary Care Patients","http://www.gov.scot/Publications/2013/03/2822",2013,2013-03-01,,"Internal","Ad Hoc",,,,,,,,,,,,,,,,,,15765,
,"Health, Social Care and Sport","Self-Directed Support","Self-Directed Support 2015-16","http://www.gov.scot/Publications/2017/07/1120",2017,2017-07-01,,"Internal","Routine",,,,,,,,,,,,,,,,,,17348,
"socialcare16","Health, Social Care and Sport","Social Care Services Scotland","Social Care Services Scotland 2016","http://www.gov.scot/Publications/2016/11/8311",2016,2016-11-01,,"Internal","Routine",,,,,,,,,,,,,,,,,,17106,
,"Health, Social Care and Sport","Social Care Services Scotland","Social Care Services, Scotland 2017","http://www.gov.scot/Publications/2017/12/3849",2017,2017-12-01,,"Internal","Routine","Annual Report and Tables","http://www.gov.scot/Publications/2017/12/3849","Local Authority Data","http://www.gov.scot/Topics/Statistics/Browse/Health/Data/HomeCare/SocialCareDataSets2017",,,,,,,,,,,,,,17501,
,"Health, Social Care and Sport","The changing ethnic profiles of Glasgow and Scotland","The changing ethnic profiles of Glasgow and Scotland","http://www.gcph.co.uk/publications/731_the_changing_ethnic_profiles_of_glasgow_and_scotland",2017,2017-09-01,"GCPH","External","Ad Hoc",,,,,,,,,,,,,,,,,,17410,
,"Health, Social Care and Sport","Treat Me Well","Treat Me Well","https://www.mencap.org.uk/sites/default/files/2018-02/Treat%20me%20well%20campaign%20report%20FINAL%20DIGITAL.pdf",2018,2018-03-01,"Mencap","External","Ad Hoc",,,,,,,,,,,,,,,,,,17591,
,"Health, Social Care and Sport","Unhealthy Attitudes Scotland: The treatment of LGBT people within health and social care organisations in Scotland","Unhealthy Attitudes Scotland: The treatment of LGBT people within health and social care organisations in Scotland","http://www.stonewallscotland.org.uk/sites/default/files/unhealthy_attitudes_scotland.pdf",2015,,"Stonewall Scotland","External","Ad Hoc",,,,,,,,,,,,,,,,,,16436,
"gpExperience","Health, Social Care and Sport","Variations in the Experiences of Primary Care Patients","Variations in the Experiences of Primary Care Patients: Analysis of the Scottish Patient Experience Survey of GP and Local NHS Services 2011/12","http://www.scotland.gov.uk/Publications/2013/03/2822",2013,2013-03-01,,"Internal","Ad Hoc",,,,,,,,,,,,,,,,,,15765,
,"Housing and Regeneration","Domestic Abuse, Housing and Homelessness in Scotland: An Evidence Review","Domestic Abuse, Housing and Homelessness in Scotland: An Evidence Review","http://www.scotland.gov.uk/Publications/2010/10/27085309/0",2010,2010-10-01,,"Internal","Ad Hoc",,,,,,,,,,,,,,,,,,14883,
,"Housing and Regeneration","Evaluation of Local Housing Strategies Co-Production Pilots with Disabled People","Evaluation of Local Housing Strategies Co-Production Pilots with Disabled People","http://www.scotland.gov.uk/Publications/2011/12/13091233/0",2011,2011-12-01,,"Internal","Ad Hoc",,,,,,,,,,,,,,,,,,15309,
,"Housing and Regeneration","Getting Behind the Statistics","Getting Behind the Statistics: Update for 2016-17","https://scotland.shelter.org.uk/professional_resources/policy_library/policy_library_folder/getting_behind_the_statistics_update_for_2016-17",2018,2018-01-01,,"External","Ad Hoc",,,,,,,,,,,,,,,,,,17532,
"HL1","Housing and Regeneration","HL1 dataset","HL1 dataset",,2018,2018-05-01,,"Internal","Routine",,,,,,,,,,,,,,,,,,17652,
,"Housing and Regeneration","Housing Statistics for Scotland - Housing for Older People, those with Disabilities and those with Supported Tenancies","Housing Statistics for Scotland - Housing for Older People, those with Disabilities and those with Supported Tenancies","http://www.gov.scot/Topics/Statistics/Browse/Housing-Regeneration/HSfS/SpecialNeeds",2017,2017-09-01,,"Internal","Routine",,,,,,,,,,,,,,,,,,17410,
,"Housing and Regeneration","Independent Living Case Studies","Independent Living Case Studies","DEADLINK",,,,"Internal","Ad Hoc",,,,,,,,,,,,,,,,,,,
,"Housing and Regeneration","Review of the private rented sector","Review of the private rented sector volume 2: Views and experiences of tenants in the private rented sector in Scotland","http://www.gov.scot/Publications/2009/03/23153402/0",2009,2009-03-01,,"Internal","Ad Hoc",,,,,,,,,,,,,,,,,,14304,
,"Housing and Regeneration","Review of the Twice Yearly Count of Gypsy/Travellers in Scotland","Review of the Twice Yearly Count of Gypsy/Travellers in Scotland","http://www.scotland.gov.uk/Publications/2010/03/05103811/0",2010,2010-03-01,,"Internal","Ad Hoc",,,,,,,,,,,,,,,,,,14669,
,"Housing and Regeneration","Scottish House Conditions Survey","Scottish House Conditions Survey 2016","http://www.gov.scot/Publications/2017/12/5401",2017,2017-12-01,,"Internal","Routine","Local Authority Tables 2014-16","http://www.gov.scot/Topics/Statistics/SHCS/keyanalyses/LAtables2016",,,,,,,,,,,,,,,,17501,
,"Housing and Regeneration","Social Tenants in Scotland","Social Tenants in Scotland 2016","http://www.gov.scot/Publications/2018/02/9862",2018,2018-02-01,,"Internal","Routine",,,,,,,,,,,,,,,,,,17563,
,"Housing and Regeneration","Specialist Provision Evidence Finder","Specialist Provision Evidence Finder","http://www.gov.scot/Topics/Built-Environment/Housing/supply-demand/chma/hnda/DraftingArea/SPEvidemceFinder",2015,2015-07-01,,"Internal","Ad Hoc",,,,,,,,,,,,,,,,,,16617,
,"Housing and Regeneration","Supporting People Client Statistics","Supporting People Client Statistics 2007-08","http://www.scotland.gov.uk/Topics/Statistics/Browse/Housing-Regeneration/HSfS/SP0708",,,,"Internal","Ad Hoc",,,,,,,,,,,,,,,,,,,
,"Housing and Regeneration","The Impact of Population Ageing on Housing in Scotland","The Impact of Population Ageing on Housing in Scotland","http://www.gov.scot/Publications/2010/07/20125707/0",2010,2010-07-01,,"Internal","Ad Hoc",,,,,,,,,,,,,,,,,,14791,
,"Housing and Regeneration","Understanding Disabled People's Housing Pathways: Initial Insights","Understanding Disabled People's Housing Pathways: Initial Insights","http://www.gov.scot/Publications/2016/01/3417/0",2016,2016-01-01,,"Internal","Ad Hoc",,,,,,,,,,,,,,,,,,16801,
,"Housing and Regeneration","Youth Homelessness in Scotland","Youth Homelessness in Scotland","DEADLINK",2013,,"Homeless Action Scotland","External","Ad Hoc",,,,,,,,,,,,,,,,,,15706,
"poverty17","Income and poverty","Poverty and Income Inequality in Scotland","Poverty and Income Inequality in Scotland 2014-17","http://www.gov.scot/Publications/2018/03/3017",2018,2018-03-01,,"Internal","Routine",,,,,,,,,,,,,,,,,,17591,
"poverty16_equality","Income and poverty","Poverty and Income Inequality in Scotland: Additional Analysis","Poverty and Income Inequality in Scotland 2015/16: Additional Analysis","http://www.gov.scot/Topics/Statistics/Browse/Social-Welfare/IncomePoverty/CoreAnalysis",2017,2017-06-01,,"Internal","Routine",,,,,,,,,,,,,,,,,,17318,
,"Income and Poverty","An analysis on the impact of the UK Government's welfare reforms in Wales'","An analysis on the impact of the UK Government's welfare reforms in Wales'","http://wales.gov.uk/docs/dsjlg/report/130717wr-stage3-summaryv2-en.pdf",2013,,"Welsh Government","External","Ad Hoc",,,,,,,,,,,,,,,,,,,
,"Income and Poverty","Child Povery in Scotland: a local snapshot","Child Povery in Scotland: a local snapshot",,,,"Save the Children","External","Ad Hoc",,,,,,,,,,,,,,,,,,,
,"Income and Poverty","Children in families with limited resources across Scotland","Children in families with limited resources across Scotland 2014-2016","http://www.gov.scot/Publications/2017/11/9758",,2017-11-01,,"Internal","Routine",,,,,,,,,,,,,,,,,,,
,"Income and Poverty","Differences in decline: Relative child poverty in Scotland and England 1998-99 to 2008-09","Differences in decline: Relative child poverty in Scotland and England 1998-99 to 2008-09","http://www.scotland.gov.uk/Publications/2011/07/08113702/0",2011,,,"Internal","Ad Hoc",,,,,,,,,,,,,,,,,,,
,"Income and Poverty","Evaluation of the Working for Families Fund","Evaluation of the Working for Families Fund 2004-2008","http://www.scotland.gov.uk/Publications/2009/04/20092521/0",2009,,,"Internal","Ad Hoc",,,,,,,,,,,,,,,,,,,
,"Income and Poverty","Financial Inclusion: A topic report from the Scottish Household Survey","Financial Inclusion: A topic report from the Scottish Household Survey","http://www.scotland.gov.uk/Publications/2007/09/27144121/0",2007,,,"Internal","Ad Hoc",,,,,,,,,,,,,,,,,,,
,"Income and Poverty","Fuel Poverty: Evidence Review","Fuel Poverty: Evidence Review","http://www.gov.scot/Topics/Statistics/SHCS/FPEvidenceReview",2012,,,"Internal","Ad Hoc",,,,,,,,,,,,,,,,,,,
,"Income and Poverty","Intersecting Inequalities: The impact of austerity on BME women in the UK","Intersecting Inequalities: The impact of austerity on BME women in the UK","https://wbg.org.uk/main-feature/intersecting-inequalities-impact-austerity-bme-women-uk/",,2017-10-01,"Women's Budget Group","External","Ad Hoc",,,,,,,,,,,,,,,,,,,
,"Income and Poverty","Persistent Poverty in Scotland","Persistent Poverty in Scotland: 2010-2016","http://www.gov.scot/Publications/2018/03/9526",,2018-03-01,,"Internal","Routine",,,,,,,,,,,,,,,,,,,2019-03-01
,"Income and Poverty","Poverty and ethnicity in Scotland. Review of the literature and datasets","Poverty and ethnicity in Scotland. Review of the literature and datasets","http://www.jrf.org.uk/sites/files/jrf/poverty-ethnicity-Scotland-full.pdf",2011,,"Joseph Rowntree Foundation","External","Ad Hoc",,,,,,,,,,,,,,,,,,,
,"Income and Poverty","Poverty and Income Inequality in Scotland","Poverty and Income Inequality in Scotland 2014-17","http://www.gov.scot/Publications/2017/03/2213",,2018-03-01,,"Internal","Routine","Equality Analysis","http://www.gov.scot/Topics/Statistics/Browse/Social-Welfare/IncomePoverty/CoreAnalysis/povertyanalysis",,,,,,,,,,,,,,,,,2019-03-01
,"Income and Poverty","Poverty and Social Exclusion Survey","Poverty and Social Exclusion Survey","http://www.poverty.ac.uk/pse-research/pse-uk-reports",2014,,,"External","Ad Hoc",,,,,,,,,,,,,,,,,,,
,"Income and Poverty","Progress on socio-economic rights in Great Britain","Progress on socio-economic rights in Great Britain","https://www.equalityhumanrights.com/sites/default/files/progress-on-socio-economic-rights-in-great-britain.pdf",,2018-03-01,"EHRC","External","Ad Hoc",,,,,,,,,,,,,,,,,,,
,"Income and Poverty","Tackling child poverty in Scotland: Analysis of focus group consultation findings","Tackling child poverty in Scotland: Analysis of focus group consultation findings","http://www.scotland.gov.uk/Publications/2011/03/21120326/0",2011,,,"Internal","Ad Hoc",,,,,,,,,,,,,,,,,,,
,"Income and Poverty","Tackling Poverty Board: A Summary of Evidence","Tackling Poverty Board: A Summary of Evidence","http://www.employabilityinscotland.com/media/129071/tackling_poverty_board_-_final_full_evidence_report_2139_3023.pdf",2011,,,"Internal","Ad Hoc",,,,,,,,,,,,,,,,,,,
,"Income and Poverty","The Disability Price Tag","The Disability Price Tag","https://www.scope.org.uk/Scope/media/Documents/Publication%20Directory/The-disability-price-tag-Technical-report.pdf?ext=.pdf",,2018-02-01,"Scope","External","Ad Hoc",,,,,,,,,,,,,,,,,,,
,"Income and Poverty","The gender pay gap in the UK: children and experience in work","The gender pay gap in the UK: children and experience in work","https://www.ifs.org.uk/publications/10356",2018,,"IFS","External","Ad Hoc",,,,,,,,,,,,,,,,,,,
,"Income and Poverty","The potential impacts of an online delivery of Universal Credit - Welfare Analysis","The potential impacts of an online delivery of Universal Credit - Welfare Analysis","http://www.scotland.gov.uk/Resource/0040/00409334.pdf",2012,,,"Internal","Ad Hoc",,,,,,,,,,,,,,,,,,,
,"Income and Poverty","The Social Fund: A Review of Selected Literature","The Social Fund: A Review of Selected Literature","http://www.scotland.gov.uk/Publications/2011/06/29082849/0",2011,,,"Internal","Ad Hoc",,,,,,,,,,,,,,,,,,,
,"Income and Poverty","UK Poverty","UK Poverty 2017","https://www.jrf.org.uk/report/uk-poverty-2017",,2017-12-01,"Joseph Rowntree Foundation","External","Ad Hoc",,,,,,,,,,,,,,,,,,,
,"Labour Market and Social Security","Annual Population Survey","Annual Population Survey results for year to December 2017","http://www.gov.scot/Topics/Statistics/Browse/Labour-Market/Publications/APSJanDec17",,2018-05-01,,"Internal","Routine",,,,,,,,,,,,,,,,,,,
,"Labour Market and Social Security","Annual Survey of Hours and Earnings","Annual Survey of Hours and Earnings 2017","http://www.gov.scot/Topics/Statistics/Browse/Labour-Market/Earnings",,2017-11-01,,"Internal","Routine",,,,,,,,,,,,,,,,,,,
,"Labour Market and Social Security","Disability, Skills and Employment: A Review of Recent Statistics and Literature","Disability, Skills and Employment: A Review of Recent Statistics and Literature","https://www.equalityhumanrights.com/en/publication-download/research-report-59-disability-skills-and-employment-review-recent-statistics",2010,,"EHRC","External","Ad Hoc",,,,,,,,,,,,,,,,,,,
,"Labour Market and Social Security","Employability in Scotland: Women and Work","Employability in Scotland: Women and Work","http://www.employabilityinscotland.com/key-clients/women-and-work/#tabs-1",,,,"Internal","Ad Hoc",,,,,,,,,,,,,,,,,,,
,"Labour Market and Social Security","EU Nationals Living and Working in Scotland","EU Nationals Living and Working in Scotland 2015","http://www.gov.scot/Topics/Statistics/Browse/Labour-Market/Publications/EUnat",,2017-03-01,,"Internal","Ad Hoc",,,,,,,,,,,,,,,,,,,
,"Labour Market and Social Security","labour Market Statistics Monthly Briefing Paper","labour Market Statistics Monthly Briefing Paper","http://www.gov.scot/Topics/Statistics/Browse/Labour-Market/LMSummary",2017,,,"Internal","Routine",,,,,,,,,,,,,,,,,,,
,"Labour Market and Social Security","Non-UK nationals living and working in Scotland 2016","Non-UK nationals living and working in Scotland 2016","http://www.gov.scot/Topics/Statistics/Browse/Labour-Market/Publications-Topical/APS-EUcitizens-2016",,2017-11-01,,"Internal","Ad Hoc",,,,,,,,,,,,,,,,,,,
,"Labour Market and Social Security","Older People Inside and Outside the Labour Market: A Review","Older People Inside and Outside the Labour Market: A Review","https://www.equalityhumanrights.com/en/publication-download/research-report-22-older-people-inside-and-outside-labour-market-review",2009,,"EHRC","External","Ad Hoc",,,,,,,,,,,,,,,,,,,
,"Labour Market and Social Security","Older Workers in the Labour Market","Older Workers in the Labour Market","http://www.tuc.org.uk/sites/default/files/tucfiles/olderwomenlabourmarket.pdf",2014,,"TUC","External","Ad Hoc",,,,,,,,,,,,,,,,,,,
,"Labour Market and Social Security","The Changing Labour Market","The Changing Labour Market","https://www.fawcettsociety.org.uk/the-changing-labour-market-delivering-for-women-delivering-for-growth",2013,,"Fawcett Society","External","Ad Hoc",,,,,,,,,,,,,,,,,,,
,"Labour Market and Social Security","The Double Glazed Glass Ceiling: Lesbians in the Workplace","The Double Glazed Glass Ceiling: Lesbians in the Workplace","http://www.stonewall.org.uk/resources/double-glazed-glass-ceiling-lesbians-workplace",,,"Stonewall","External","Ad Hoc",,,,,,,,,,,,,,,,,,,
,"Labour Market and Social Security","The Female FTSE Board Report","The Female FTSE Board Report","http://www.som.cranfield.ac.uk/som/dinamic-content/media/Research/Research%20Centres/CICWL/FTSEReport2013.pdf",2013,,,"External","Ad Hoc",,,,,,,,,,,,,,,,,,,
,"Local Government and Third Sector","Public Appointments in Scotland: Diversity Analysis Report","Public Appointments in Scotland 2016: Diversity Analysis Report","http://www.appointed-for-scotland.org/About-public-bodies/Diversity/",2017,2017-03-01,,"Internal","Routine",,,,,,,,,,,,,,,,,,17226,
,"Local Government and Third Sector","Public Sector Employment in Scotland","Public Sector Employment","http://www.gov.scot/Topics/Statistics/Browse/Labour-Market/PublicSectorEmployment/exeltables",2018,,,"Internal","Routine",,,,,,,,,,,,,,,,,,17532,
,"Local Government and Third Sector","Scotland's Councillors","Scotland's Councillors 2013","http://www.improvementservice.org.uk/documents/research/Councillor%20Survey%20Report%202013.pdf",2013,,"Improvement Service","External","Ad Hoc",,,,,,,,,,,,,,,,,,15706,
,"Local Government and Third Sector","Scotland's Councillors","Scotland's Councillors 2017-22","http://www.improvementservice.org.uk/documents/research/scotlands-councillors-2017-22.pdf",2017,,"Improvement Service","External","Ad Hoc",,,,,,,,,,,,,,,,,,17167,
,"Local Government and Third Sector","Your Services, Your Say: LGBT People's Experiences of Public Services in Scotland","Your Services, Your Say: LGBT People's Experiences of Public Services in Scotland","http://www.stonewallscotland.org.uk/sites/default/files/ysys_report__lgbt_2014.pdf",2014,,"Stonewall Scotland","External","Ad Hoc",,,,,,,,,,,,,,,,,,16071,
,"Rural and Environment","Access to outdoor recreation by older people in Scotland","Access to outdoor recreation by older people in Scotland","http://www.gov.scot/Publications/2016/06/8917/0",2016,,,"Internal","Ad Hoc",,,,,,,,,,,,,,,,,,16801,
,"Rural and Environment","Developing Gender Research in Rural Scotland","Developing Gender Research in Rural Scotland","http://www.crrs.uhi.ac.uk/publications/policy-briefings/Briefing_developing%20gender%20research%20think-tank%20Nov2006.pdf",2006,,"UHI Policy Web","External","Ad Hoc",,,,,,,,,,,,,,,,,,13149,
,"Rural and Environment","Drivers of youth out-migration from rural Scotland","Drivers of youth out-migration from rural Scotland","http://www.gov.scot/Publications/2008/01/22131922/8",2008,,,"Internal","Ad Hoc",,,,,,,,,,,,,,,,,,13879,
,"Rural and Environment","Factors inluencing rural migration decisions in Scotland","Factors inluencing rural migration decisions in Scotland","http://www.gov.scot/Publications/2010/09/10103019/0",2010,,,"Internal","Ad Hoc",,,,,,,,,,,,,,,,,,14610,
,"Rural and Environment","Green health project","Green health project","http://www.hutton.ac.uk/research/projects/green-health",2014,,"James Hutton Institute","External","Ad Hoc",,,,,,,,,,,,,,,,,,16071,
,"Rural and Environment","Growing up in rural Scotland","Growing up in rural Scotland","http://www.gov.scot/Publications/2008/03/12110107/0",2008,,,"Internal","Ad Hoc",,,,,,,,,,,,,,,,,,13879,
,"Rural and Environment","Housing issues for older people in rural areas","Housing issues for older people in rural areas","http://www.gov.scot/Publications/2008/01/17120038/0",2008,,,"Internal","Ad Hoc",,,,,,,,,,,,,,,,,,13879,
,"Rural and Environment","Mapping Flood Disadvantage in Scotland","Mapping Flood Disadvantage in Scotland","http://www.gov.scot/Publications/2015/12/9621",2015,,,"Internal","Ad Hoc",,,,,,,,,,,,,,,,,,16436,
"urban_rural16","Rural and Environment","Population Estimates by Urban Rural Classification","Population Estimates by Urban Rural Classification 2011-16","https://www.nrscotland.gov.uk/statistics-and-data/statistics/statistics-by-theme/population/population-estimates/2011-based-special-area-population-estimates/population-estimates-by-urban-rural-classification",2017,2017-08-01,,"Internal","Routine",,,,,,,,,,,,,,,,,,17379,
,"Rural and Environment","Poverty and social exclusion in urban and rural areas of Scotland","Poverty and social exclusion in urban and rural areas of Scotland","http://www.poverty.ac.uk/sites/default/files/attachments/PSE-Report-Scotland-urban-rural-poverty-March-2016.pdf",2012,,,"External","Ad Hoc",,,,,,,,,,,,,,,,,,15340,
,"Rural and Environment","Rural Scotland Key Facts","Rural Scotland Key Facts 2015","http://www.gov.scot/Publications/2015/03/5411",2015,,,"Internal","Ad Hoc",,,,,,,,,,,,,,,,,,16436,
,"Rural and Environment","Special Study on Rural Poverty","Special Study on Rural Poverty","https://www.sruc.ac.uk/info/120485/archive/55/2008_special_study_on_rural_poverty",2008,,"SRUC","External","Ad Hoc",,,,,,,,,,,,,,,,,,13879,
,"Rural and Environment","The Experience of Rural Poverty in Scotland","The Experience of Rural Poverty in Scotland","http://www.scotland.gov.uk/Publications/2009/03/02144159/0",2009,,,"Internal","Ad Hoc",,,,,,,,,,,,,,,,,,14245,
,"Rural and Environment","Voices of women in rural Scotland","Voices of women in rural Scotland","http://www.weawomenatwork.org.uk/features/article/168/Voices-of-Women-in-Rural-Scotland",2012,,"Scottish Women’s Convention","External","Ad Hoc",,,,,,,,,,,,,,,,,,15340,
,"School Education","Achievement of Curriculum for Excellence (CfE) Levels","Achievement of Curriculum for Excellence (CfE) Levels 2016/17","http://www.gov.scot/Publications/2017/12/5300",2017,2017-12-01,,"Internal","Routine",,,,,,,,,,,,,,,,,,17501,
"GEO11","School Education","Headline findings from our Transgender e-surveys","Headline findings from our Transgender e-surveys","http://www.gov.uk/government/uploads/system/uploads/attachment_data/file/85499/transgender-survey.",2011,,"Government Equalities Office","External","Ad Hoc",,,,,,,,,,,,,,,,,,14975,
,"School Education","Homophobic, biphobic and transphobic bullying: Review","Homophobic, biphobic and transphobic bullying: Review","https://www.gov.uk/government/publications/homophobic-biphobic-and-transphobic-bullying-analytical-report",2014,,"Department for Education","External","Ad Hoc",,,,,,,,,,,,,,,,,,16071,
,"School Education","Programme for International Student Assessment (PISA)","Programme for International Student Assessment (PISA)","http://www.scotland.gov.uk/Publications/2013/12/4338",2012,,,"Internal","Ad Hoc",,,,,,,,,,,,,,,,,,15340,
"pupil16","School Education","Pupil Census: Supplementary Data","Pupil Census 2017: Supplementary Data","http://www.gov.scot/Topics/Statistics/Browse/School-Education/dspupcensus/dspupcensus17",2018,2018-03-01,,"Internal","Routine",,,,,,,,,,,,,,,,,,17591,
,"School Education","School Report Scotland","School Report Scotland 2017","https://www.stonewall.org.uk/sites/default/files/school_report_scotland_2017_0.pdf",2017,,"Stonewall Scotland","External","Ad Hoc",,,,,,,,,,,,,,,,,,17167,
,"School Education","Scottish Survey of Literacy and Numeracy","Scottish Survey of Literacy and Numeracy","http://www.gov.scot/Topics/Statistics/Browse/School-Education/SSLN",2017,2017-05-01,,"Internal","Routine",,,,,,,,,,,,,,,,,,17287,
,"School Education","Summary Statistics for Attainment, Leaver Destinations and Healthy Living","Summary Statistics for Attainment, Leaver Destinations and Healthy Living, No. 7: 2015/16","http://www.gov.scot/Publications/2017/06/9699",2017,2017-06-01,,"Internal","Routine","Main Report","http://www.gov.scot/Publications/2017/06/9699","Supplementary Tables","http://www.gov.scot/Topics/Statistics/Browse/School-Education/leavedestla/follleavedestat/Attainmentandleavers1516",,,,,,,,,,,,,,17318,
"attainment16_supp","School Education","Summary Statistics for Attainment, Leaver Destinations and Healthy Living: Supplementary Data","Summary Statistics for Attainment, Leaver Destinations and Healthy Living, No. 7: 2015/16 Supplementary Data","http://www.gov.scot/Topics/Statistics/Browse/School-Education/leavedestla/follleavedestat/Attainmentandleavers1516",2017,2017-06-01,,"Internal","Routine",,,,,,,,,,,,,,,,,,17318,
"schools15_exclusion","School Education","Summary Statistics for Schools in Scotland","Summary Statistics for Schools in Scotland, No.6: 2015 Edition","http://www.gov.scot/Publications/2015/12/7925/321888",2015,2015-12-01,,"Internal","Routine",,,,,,,,,,,,,,,,,,16770,
,"School Education","Summary Statistics for Schools in Scotland","Summary Statistics for Schools in Scotland, No.7: 2016 Edition","http://www.gov.scot/Publications/2016/12/9271",2016,2016-12-01,,"Internal","Routine","Main Report","http://www.gov.scot/Publications/2016/12/9271","Early learning and childcare","http://www.gov.scot/Topics/Statistics/Browse/Children/Pubs-Pre-SchoolEducation/ELCAdditionalTables2015","Pupil census datasets","http://www.gov.scot/Topics/Statistics/Browse/School-Education/dspupcensus/dspupcensus16","Teacher census datasets","http://www.gov.scot/Topics/Statistics/Browse/School-Education/teachcenssuppdata/teachcensus2015/teachercensus2016","Additional datasets","http://www.gov.scot/Topics/Statistics/Browse/School-Education/Datasets",,,,,,,,17136,
,"School Education","Summary Statistics for Schools in Scotland","Summary Statistics for Schools in Scotland, No.8: 2017 Edition","http://www.gov.scot/Publications/2017/12/3099",2017,2017-12-01,,"Internal","Routine","Main Report","http://www.gov.scot/Publications/2017/12/3099","Early learning and childcare","http://www.gov.scot/Topics/Statistics/Browse/Children/Pubs-Pre-SchoolEducation/ELCAdditionalTables2016","Pupil census datasets","http://www.gov.scot/Topics/Statistics/Browse/School-Education/dspupcensus/dspupcensus17","Teacher census datasets","http://www.gov.scot/Topics/Statistics/Browse/School-Education/teachcenssuppdata/TeaSup2017","Additional datasets","http://www.gov.scot/Topics/Statistics/Browse/School-Education/Datasets",,,,,,,"Exclusion statistics published every two years",17501,
"teacher16","School Education","Teacher Census: Supplementary Data","Teacher Census 2017: Supplementary Data","http://www.gov.scot/Topics/Statistics/Browse/School-Education/teachcenssuppdata/teachcensus2015/teachercensus2017",2018,2018-03-01,,"Internal","Routine",,,,,,,,,,,,,,,,,,17591,
,"School Education","The Teacher Report: Homophobic Bullying in Scotland's Schools","The Teacher Report: Homophobic Bullying in Scotland's Schools","http://www.stonewallscotland.org.uk/documents/scot_teachers_report_2014_final_lo_res.pdf",2014,,,"External","Ad Hoc",,,,,,,,,,,,,,,,,,16071,
,"Summary","A Gender Audit of Statistics: Comparing the Position of Women and Men in Scotland","A Gender Audit of Statistics: Comparing the Position of Women and Men in Scotland","http://www.scotland.gov.uk/Publications/2007/03/27104103/0",2007,,,"Internal","Ad Hoc",,,,,,,,,,,,,,,,,,,
,"Summary","A Review of Literature on Effective Interventions that Prevent and Respond to Harm Against Adults","A Review of Literature on Effective Interventions that Prevent and Respond to Harm Against Adults","http://www.scotland.gov.uk/Publications/2007/11/15154941/14",2007,,,"Internal","Ad Hoc",,,,,,,,,,,,,,,,,,,
,"Summary","All Our Futures: Planning for a Scotland with an Ageing Population: 3 The Evidence Base","All Our Futures: Planning for a Scotland with an Ageing Population: 3 The Evidence Base","http://www.scotland.gov.uk/Publications/2007/03/14163202/0",2007,,,"Internal","Ad Hoc",,,,,,,,,,,,,,,,,,,
,"Summary","Analysis of Equality Results from the 2011 Census: Part 1","Analysis of Equality Results from the 2011 Census: Part 1","http://www.scotland.gov.uk/Publications/2014/10/8378",,2014-10-01,,"Internal","Ad Hoc",,,,,,,,,,,,,,,,,,,
,"Summary","Analysis of Equality Results from the 2011 Census: Part 2","Analysis of Equality Results from the 2011 Census: Part 2","http://www.gov.scot/Publications/2015/03/8716",,2015-03-01,,"Internal","Ad Hoc",,,,,,,,,,,,,,,,,,,
,"Summary","Analysis of Religion in the 2001 Census","Analysis of Religion in the 2001 Census","http://www.scotland.gov.uk/Publications/2005/02/20757/53568",2005,,,"Internal","Ad Hoc",,,,,,,,,,,,,,,,,,,
,"Summary","Characteristics of Adults in Scotland with Long-Term Health Conditions - Research Findings","Characteristics of Adults in Scotland with Long-Term Health Conditions - Research Findings","http://www.scotland.gov.uk/Publications/2007/10/29093234/3",,,,"Internal","Ad Hoc",,,,,,,,,,,,,,,,,,,
,"Summary","Characteristics of migrants in Scotland: Analysis of the 2011 Census","Characteristics of migrants in Scotland: Analysis of the 2011 Census","http://www.gov.scot/Publications/2016/10/6840",,2016-10-01,,"Internal","Ad Hoc",,,,,,,,,,,,,,,,,,,
,"Summary","Communication Support Needs: A Review of the Literature","Communication Support Needs: A Review of the Literature","http://www.scotland.gov.uk/Publications/2007/06/12121646/17",2007,,,"Internal","Ad Hoc",,,,,,,,,,,,,,,,,,,
,"Summary","Datashine Scotland","Datashine Scotland","http://scotland.datashine.org.uk/#table=QS303SC&col=QS303SC0002&ramp=YlOrRd&layers=BTTT&zoom=13&lon=-3.2100&lat=55.9400",,,,"External","Ad Hoc",,,,,,,,,,,,,,,,,,,
,"Summary","Disability and Employment in Scotland: A Review of the Evidence Base","Disability and Employment in Scotland: A Review of the Evidence Base","http://www.scotland.gov.uk/Publications/2005/01/20511/49760",2005,,,"Internal","Ad Hoc",,,,,,,,,,,,,,,,,,,
,"Summary","Equality Evidence Strategy","Scotland's Equality Evidence Strategy","http://www.gov.scot/Publications/2017/07/9574",,2017-07-01,,"Internal","Ad Hoc",,,,,,,,,,,,,,,,,,,
,"Summary","Equality Evidence Toolkit","Equality Evidence Toolkit for Public Authorities","http://www.gov.scot/Publications/2015/03/6567",,2016-08-01,,"Internal","Ad Hoc",,,,,,,,,,,,,,,,,,,
,"Summary","European Union lesbian, gay, bisexual and transgender survey ","European Union lesbian, gay, bisexual and transgender survey ","http://fra.europa.eu/sites/default/files/eu-lgbt-survey-results-at-a-glance_en.pdf",2013,,"EU","External","Ad Hoc",,,,,,,,,,,,,,,,,,,
,"Summary","Experiences of Muslims living in Scotland","Experiences of Muslims living in Scotland","http://www.scotland.gov.uk/Publications/2011/03/08091838/14",2011,,,"Internal","Ad Hoc",,,,,,,,,,,,,,,,,,,
,"Summary","Forced Marriage Statutory Guidance Analysis Of Consultation Findings","Forced Marriage Statutory Guidance Analysis Of Consultation Findings","http://www.scotland.gov.uk/Publications/2012/01/10123616/10",2012,,,"Internal","Ad Hoc",,,,,,,,,,,,,,,,,,,
,"Summary","Gender Index Working Paper","Gender Index Working Paper","http://www.gov.scot/Topics/People/Equality/Equalities/GenderIndex",,2017-09-01,,"Internal","Ad Hoc",,,,,,,,,,,,,,,,,,,
,"Summary","Gypsies/Travellers in Scotland Summary","Gypsies/Travellers in Scotland: A Summary of the Evidence Base","http://www.scotland.gov.uk/Topics/People/Equality/Equalities/GypsyTravellerScotland",,2013-08-01,,"Internal","Ad Hoc",,,,,,,,,,,,,,,,,,,
,"Summary","Gypsy/Travellers in Scotland","Gypsy/Travellers in Scotland: A Comprehensive Analysis of the 2011 Census","http://www.gov.scot/Publications/2015/12/5103",,2015-12-01,,"Internal","Ad Hoc",,,,,,,,,,,,,,,,,,,
,"Summary","How does personal well-being vary by sex, disability, ethnicity and religion?","How does personal well-being vary by sex, disability, ethnicity and religion?","http://www.ons.gov.uk/ons/dcp171776_400162.pdf",2015,,"ONS","External","Ad Hoc",,,,,,,,,,,,,,,,,,,
,"Summary","How Fair is Britain?: Report of EHRC first triennial review","How Fair is Britain?: Report of EHRC first triennial review","https://www.equalityhumanrights.com/en/how-fair-britain/full-report-and-evidence-downloads",2011,,"EHRC","External","Ad Hoc",,,,,,,,,,,,,,,,,,,
,"Summary","How well is the UK performing on disability rights?","How well is the UK performing on disability rights?","https://www.equalityhumanrights.com/en/publication-download/how-well-uk-performing-disability-rights",,2018-01-01,"EHRC","External","Ad Hoc",,,,,,,,,,,,,,,,,,,
,"Summary","Independent Living in Scotland Project","Independent Living in Scotland Project","http://www.ilis.co.uk/uploads/The%20solutions%20series_personalisation%20and%20independent%20living_a%20report_ILiS_FINAL_Feb%202013.pdf",2013,,,"External","Ad Hoc",,,,,,,,,,,,,,,,,,,
,"Summary","Inequality among lesbian, gay bisexual and transgender groups in the UK: A review of evidence","Inequality among lesbian, gay bisexual and transgender groups in the UK: A review of evidence","https://www.gov.uk/government/uploads/system/uploads/attachment_data/file/539682/160719_REPORT_LGBT_evidence_review_NIESR_FINALPDF.pdf",,2016-07-01,"Government Equalities Office","External","Ad Hoc",,,,,,,,,,,,,,,,,,,
,"Summary","Interactive census profiler","Interactive census profiler","https://www.ethnicity.ac.uk/research/data-sources/",,,"Centre on Dynamics of Ethnicity","External","Ad Hoc",,,,,,,,,,,,,,,,,,,
,"Summary","Investigation of Access to Public Services in Scotland Using British Sign Language","Investigation of Access to Public Services in Scotland Using British Sign Language","http://www.scotland.gov.uk/Publications/2005/05/23131410/14269",2005,,,"Internal","Ad Hoc",,,,,,,,,,,,,,,,,,,
,"Summary","LGBT in Britain: Trans Report","LGBT in Britain: Trans Report","http://www.stonewallscotland.org.uk/comeoutforLGBT/lgbt-britain-trans-report",,2018-01-01,"Stonewall","External","Ad Hoc",,,,,,,,,,,,,,,,,,,
,"Summary","Life in Scotland for LGBT Young People","Life in Scotland for LGBT Young People","http://www.lgbtyouth.org.uk/files/documents/Life_in_Scotland_for_LGBT_Young_People_-_Education_Report_NEW.pdf",2018,,"LGBT Youth Scotland","External","Ad Hoc",,,,,,,,,,,,,,,,,,,
,"Summary","Life Opportunities Survey","Life Opportunities Survey","http://odi.dwp.gov.uk/disability-statistics-and-research/life-opportunities-survey.php",2015,,"DWP","External","Ad Hoc",,,,,,,,,,,,,,,,,,,
,"Summary","Measuring Sexual Identity: An Evaluation Report","Measuring Sexual Identity: An Evaluation Report","http://www.ons.gov.uk/ons/rel/ethnicity/measuring-sexual-identity---evaluation-report/2010/index.html",2010,,"ONS","External","Ad Hoc",,,,,,,,,,,,,,,,,,,
,"Summary","New Perspectives on the Gender Pay Gap","New Perspectives on the Gender Pay Gap: Trends and Drivers","http://www.gov.scot/Publications/2016/06/4807",,2016-06-01,,"Internal","Ad Hoc",,,,,,,,,,,,,,,,,,,
,"Summary","Non-binary people's experiences in the UK","Non-binary people's experiences in the UK","https://www.scottishtrans.org/non-binary/",2016,,"STA","External","Ad Hoc",,,,,,,,,,,,,,,,,,,
,"Summary","Overview of Equality Results from 2011 Census Release 2","Overview of Equality Results from 2011 Census Release 2","http://www.scotland.gov.uk/Publications/2014/03/7340",,2014-03-01,,"Internal","Ad Hoc",,,,,,,,,,,,,,,,,,,
,"Summary","Pregnancy and maternity-related discrimination and disadvantage","Pregnancy and maternity-related discrimination and disadvantage","https://www.gov.uk/government/publications/pregnancy-and-maternity-related-discrimination-and-disadvantage-final-reports",2016,,"BIS and EHRC","External","Ad Hoc",,,,,,,,,,,,,,,,,,,
,"Summary","Public sector equality duty: Guidance for reporting on gender and employment, equal pay, and occupational segregation","Public sector equality duty: Guidance for reporting on gender and employment, equal pay, and occupational segregation","https://www.closethegap.org.uk/content/resources/Close-the-Gap-PSED-guidance-on-gender-and-employment-2016.pdf",2016,,"Close the Gap","External","Ad Hoc",,,,,,,,,,,,,,,,,,,
,"Summary","Regional Employment Patterns in Scotland - Statistics from the Annual Population Survey","Regional Employment Patterns in Scotland: Statistics from the Annual Population Survey 2015","http://www.gov.scot/Publications/2016/05/8208",,2016-05-01,,"Internal","Routine",,,,,,,,,,,,,,,,,,,
,"Summary","Regional Employment Patterns in Scotland - Statistics from the Annual Population Survey","Regional Employment Patterns in Scotland: Statistics from the Annual Population Survey 2016","http://www.gov.scot/Publications/2017/05/8508",,2017-05-01,,"Internal","Routine",,,,,,,,,,,,,,,,,,,
,"Summary","Reporting on Progress Towards Equality of Opportunity for Women and Men made by Public Authorities in Scotland: Ministerial Priorities for Gender Equality: Tackling Occupational Segregation","Reporting on Progress Towards Equality of Opportunity for Women and Men made by Public Authorities in Scotland: Ministerial Priorities for Gender Equality: Tackling Occupational Segregation","http://www.gov.scot/Publications/2010/07/01154459/0",2010,,,"Internal","Ad Hoc","Research Findings","http://www.gov.scot/Publications/2010/07/02120508/0","Review of Key Evidence and National Policies","http://www.gov.scot/Publications/2010/07/02120508/0",,,,,,,,,,,,,,,
,"Summary","Reporting on Progress Towards Equality of Opportunity for Women and Men Made by Public Authorities in Scotland: Ministerial Priorities for Gender Equality: Tackling Violence Against Women","Reporting on Progress Towards Equality of Opportunity for Women and Men Made by Public Authorities in Scotland: Ministerial Priorities for Gender Equality: Tackling Violence Against Women","http://www.gov.scot/Publications/2010/07/01091611/0",2010,,,"Internal","Ad Hoc","Research Findings","http://www.gov.scot/Publications/2010/06/29111400/0","Review of Key Evidence and National Policies","http://www.gov.scot/Publications/2010/07/01135334/0",,,,,,,,,,,,,,,
,"Summary","Scottish Government Equality Outcomes: Age Evidence Review","Scottish Government Equality Outcomes: Age Evidence Review","http://www.scotland.gov.uk/Publications/2013/04/8508",2013,,,"Internal","Ad Hoc",,,,,,,,,,,,,,,,,,,
,"Summary","Scottish Government Equality Outcomes: Disability Evidence Review","Scottish Government Equality Outcomes: Disability Evidence Review","http://www.gov.scot/Publications/2013/04/4875",2013,,,"Internal","Ad Hoc",,,,,,,,,,,,,,,,,,,
,"Summary","Scottish Government Equality Outcomes: Ethnicity Evidence Review","Scottish Government Equality Outcomes: Ethnicity Evidence Review","http://www.scotland.gov.uk/Resource/0042/00421188.pdf",2013,,,"Internal","Ad Hoc",,,,,,,,,,,,,,,,,,,
,"Summary","Scottish Government Equality Outcomes: Gender Evidence Review","Scottish Government Equality Outcomes: Gender Evidence Review","http://www.gov.scot/Publications/2013/04/8765",2013,,,"Internal","Ad Hoc",,,,,,,,,,,,,,,,,,,
,"Summary","Scottish Government Equality Outcomes: Lesbian, Gay, Bisexual and Transgender (LGBT) Evidence Review","Scottish Government Equality Outcomes: Lesbian, Gay, Bisexual and Transgender (LGBT) Evidence Review","http://www.scotland.gov.uk/Publications/2013/04/7520",2013,,,"Internal","Ad Hoc",,,,,,,,,,,,,,,,,,,
,"Summary","Scottish Government Equality Outcomes: Religion and Belief Evidence Review","Scottish Government Equality Outcomes: Religion and Belief Evidence Review","http://www.scotland.gov.uk/Publications/2013/04/3276",2013,,,"Internal","Ad Hoc",,,,,,,,,,,,,,,,,,,
,"Summary","Scottish Household Survey","Scottish Household Survey 2016","http://www.gov.scot/Topics/Statistics/16002",,2017-09-26,,"Internal","Routine","Annual Report","http://www.gov.scot/Publications/2017/09/9979","Key Findings","http://www.gov.scot/Publications/2017/09/6853","Local Authority Tables","http://www.gov.scot/Topics/Statistics/16002/LAtables2016",,,,,,,,,,,,,
,"Summary","Scottish Household Survey: Communities","Scottish Household Survey 2016: Neighbourhoods and Communities","http://www.gov.scot/Publications/2017/09/9979/345323",,2017-09-26,,"Internal","Routine","Annual Report","http://www.gov.scot/Publications/2017/09/9979","Key Findings","http://www.gov.scot/Publications/2017/09/6853","Local Authority Tables","http://www.gov.scot/Topics/Statistics/16002/LAtables2016",,,,,,,,,,,,,
,"Summary","Scottish Household Survey: Culture","Scottish Household Survey 2016: Culture and Heritage","http://www.gov.scot/Publications/2017/09/9979/345329",,2017-09-26,,"Internal","Routine","Annual Report","http://www.gov.scot/Publications/2017/09/9979","Key Findings","http://www.gov.scot/Publications/2017/09/6853","Local Authority Tables","http://www.gov.scot/Topics/Statistics/16002/LAtables2016",,,,,,,,,,,,,
,"Summary","Scottish Household Survey: Environment","Scottish Household Survey 2016: Environment","http://www.gov.scot/Publications/2017/09/9979/345331",,2017-09-26,,"Internal","Routine","Annual Report","http://www.gov.scot/Publications/2017/09/9979","Key Findings","http://www.gov.scot/Publications/2017/09/6853","Local Authority Tables","http://www.gov.scot/Topics/Statistics/16002/LAtables2016",,,,,,,,,,,,,
,"Summary","Scottish Household Survey: Housing","Scottish Household Survey 2016: Housing","http://www.gov.scot/Publications/2017/09/9979/345322",,2017-09-26,,"Internal","Routine","Annual Report","http://www.gov.scot/Publications/2017/09/9979","Key Findings","http://www.gov.scot/Publications/2017/09/6853","Local Authority Tables","http://www.gov.scot/Topics/Statistics/16002/LAtables2016",,,,,,,,,,,,,
,"Summary","Scottish Household Survey: Income and Poverty","Scottish Household Survey 2016: Finance","http://www.gov.scot/Publications/2017/09/9979/345325",,2017-09-26,,"Internal","Routine","Annual Report","http://www.gov.scot/Publications/2017/09/9979","Key Findings","http://www.gov.scot/Publications/2017/09/6853","Local Authority Tables","http://www.gov.scot/Topics/Statistics/16002/LAtables2016",,,,,,,,,,,,,
,"Summary","Scottish Household Survey: Local Government","Scottish Household Survey 2016: Local Services","http://www.gov.scot/Publications/2017/09/9979/345328",,2017-09-26,,"Internal","Routine",,,,,,,,,,,,,,,,,,,
,"Summary","Scottish Household Survey: Third Sector","Scottish Household Survey 2016: Volunteering","http://www.gov.scot/Publications/2017/09/9979/345330",,2017-09-26,,"Internal","Routine",,,,,,,,,,,,,,,,,,,
,"Summary","Scottish Ministers Duty Reports: Events with Disabled People","Scottish Ministers Duty Reports: Events with Disabled People","http://www.scotland.gov.uk/Publications/2009/08/31103849/2",2009,,,"Internal","Ad Hoc","The Arts, Culture and Built Heritage","http://www.scotland.gov.uk/Publications/2008/11/28145628/6","Health and Wellbeing","http://www.scotland.gov.uk/Publications/2008/11/28145142/12","Finance and Sustainable Growth","http://www.scotland.gov.uk/Publications/2008/11/28145502/12","Education and Lifelong Learning","http://www.scotland.gov.uk/Publications/2008/11/28145418/9","Justice","http://www.scotland.gov.uk/Publications/2008/11/28145225/10","Rural Affairs and the Environment","http://www.scotland.gov.uk/Publications/2008/11/28145319/7","Proposals for the Coordination of Action by Scottish Public Authorities","http://www.scotland.gov.uk/Publications/2008/11/28145548/8",,,,,
,"Summary","Scottish Muslims in Numbers: Understanding Scotland’s Muslims through the 2011 Census","Scottish Muslims in Numbers: Understanding Scotland’s Muslims through the 2011 Census","http://www.ed.ac.uk/literatures-languages-cultures/alwaleed/muslims-in-britain/scottish-muslims-in-numbers",,2016-12-01,,"External","Ad Hoc",,,,,,,,,,,,,,,,,,,
,"Summary","Scottish Social Attitudes Survey","Scottish Social Attitudes Survey 2015: Attitudes to Discrimination and Positive Action","http://www.gov.scot/Publications/2016/09/3916",,2016-09-01,,"Internal","Ad Hoc",,,,,,,,,,,,,,,,,,,
,"Summary","Scottish Surveys Core Questions","Scottish Surveys Core Questions 2014","http://www.gov.scot/Topics/Statistics/About/Surveys/SSCQ/SSCQ2014",,2016-05-01,,"Internal","Routine",,,,,,,,,,,,,,,,,,,
,"Summary","Scottish Surveys Core Questions","Scottish Surveys Core Questions 2015","http://www.gov.scot/Topics/Statistics/About/Surveys/SSCQ/SSCQ2015",,2016-11-01,,"Internal","Routine",,,,,,,,,,,,,,,,,,,
,"Summary","Scottish Surveys Core Questions","Scottish Surveys Core Questions 2016","http://www.gov.scot/Topics/Statistics/About/Surveys/SSCQ/SSCQ2016",,2018-04-01,,"Internal","Routine","Scottish Surveys Core Questions 2016","http://www.gov.scot/Topics/Statistics/About/Surveys/SSCQ/SSCQ2016","Multi-year Scottish Surveys Core Questions","http://www.gov.scot/Topics/Statistics/About/Surveys/SSCQ/MySSCQ",,,,,,,,,,,,,,,
,"Summary","Sex and Power","Sex and Power 2018","http://www.edf.org.uk/wp-content/uploads/2018/04/Sex_and_Power_Fawcett_report.pdf",,2018-04-01,"Fawcett Society","External","Routine",,,,,,,,,,,,,,,,,,,
,"Summary","Sexual identity, UK: 2016","Sexual identity, UK: 2016","https://www.ons.gov.uk/peoplepopulationandcommunity/culturalidentity/sexuality/bulletins/sexualidentityuk/2016",,2017-10-01,"ONS","External","Ad Hoc",,,,,,,,,,,,,,,,,,,
,"Summary","Sexual Orientation in Scotland","Sexual Orientation in Scotland 2017: A Summary of the Evidence Base","http://www.gov.scot/Publications/2017/01/4911/0",,2017-01-01,,"Internal","Ad Hoc",,,,,,,,,,,,,,,,,,,
,"Summary","Stonewall Scotland Workplace Equality Index","Stonewall Scotland Workplace Equality Index 2017","http://www.stonewallscotland.org.uk/sites/default/files/top_100_employers_2017-web_0.pdf",2017,,"Stonewall Scotland","External","Ad Hoc",,,,,,,,,,,,,,,,,,,
,"Summary","Supporting Trans Employees in the Workplace","Supporting Trans Employees in the Workplace","http://www.acas.org.uk/media/pdf/6/f/Supporting-trans-employees-in-the-workplace.pdf",2017,,"ACAS","External","Ad Hoc",,,,,,,,,,,,,,,,,,,
,"Summary","The BBC's portrayal of lesbian and gay people","The BBC's portrayal of lesbian and gay people","http://www.stonewall.org.uk/documents/tuned_out_pdf_1.pdf",2006,,"Stonewall","External","Ad Hoc",,,,,,,,,,,,,,,,,,,
,"Summary","The Experiences of Children with Lesbian and Gay Parents: An Initial Scoping Review of Evidence","The Experiences of Children with Lesbian and Gay Parents: An Initial Scoping Review of Evidence","http://www.scotland.gov.uk/Publications/2009/04/17093220/6",2009,,,"Internal","Ad Hoc",,,,,,,,,,,,,,,,,,,
,"Summary","The Position of Scotland’s Equality Groups. Revisiting Resilience in 2011","The Position of Scotland’s Equality Groups. Revisiting Resilience in 2011","http://www.scotland.gov.uk/Resource/Doc/175356/0124251.pdf",2011,,,"Internal","Ad Hoc",,,,,,,,,,,,,,,,,,,
,"Summary","The Pursuit of Gender Equality: An uphill battle","The Pursuit of Gender Equality: An uphill battle","http://www.oecd.org/gender/the-pursuit-of-gender-equality-9789264281318-en.htm",,2017-10-01,"OECD","External","Ad Hoc",,,,,,,,,,,,,,,,,,,
,"Summary","Trans Mental Health and Emotional Wellbeing Study","Trans Mental Health and Emotional Wellbeing Study","http://www.scottishtrans.org/wp-content/uploads/2013/03/trans_mh_study.pdf",2012,,"Scottish Transgender Alliance","External","Ad Hoc",,,,,,,,,,,,,,,,,,,
,"Summary","Transgender Experiences in Scotland","Transgender Experiences in Scotland","https://www.scottishtrans.org/wp-content/uploads/2013/03/staexperiencessummary03082.pdf",2013,,,"External","Ad Hoc",,,,,,,,,,,,,,,,,,,
,"Summary","UK Ethnicity Facts and Figures","UK Ethnicity Facts and Figures","https://www.ethnicity-facts-figures.service.gov.uk/",,2017-10-01,"UK Government","External","Ad Hoc",,,,,,,,,,,,,,,,,,,
,"Summary","Violence Against Women: A literature review","Violence Against Women: A literature review","http://www.scotland.gov.uk/Publications/2005/03/20895/55147",2005,,,"Internal","Ad Hoc",,,,,,,,,,,,,,,,,,,
,"Summary","Welfare Reform Bill, Universal Credit: Equality impact assessment","Welfare Reform Bill, Universal Credit: Equality impact assessment","http://www.dwp.gov.uk/docs/eia-universal-credit-wr2011.pdf",2011,,"DWP","External","Ad Hoc",,,,,,,,,,,,,,,,,,,
,"Summary","Which Ethnic Groups Have the Poorest Health","Which Ethnic Groups Have the Poorest Health?","http://gov.scot/Publications/2015/08/7995",,2015-08-01,,"Internal","Ad Hoc",,,,,,,,,,,,,,,,,,,
,"Third Sector","The Opportunities and Challenges of the Changing Public Services Landscape for the Third Sector in Scotland: A Longitudinal Study","The Opportunities and Challenges of the Changing Public Services Landscape for the Third Sector in Scotland: A Longitudinal Study",,2012,,,"Internal","Ad Hoc","Year Three Report","http://www.scotland.gov.uk/Publications/2012/10/2881/0","Year Two Report","http://www.scotland.gov.uk/Publications/2012/02/6320/0","Year One Report","http://www.scotland.gov.uk/Publications/2011/02/23102624/0",,,,,,,,,,,,15340,
,"Third Sector","Third Sector approaches to bridging the distance from the employment market for people with Multiple and Complex Needs","Third Sector approaches to bridging the distance from the employment market for people with Multiple and Complex Needs","http://www.gov.scot/Publications/2010/03/23161808/0",2010,,,"Internal","Ad Hoc",,,,,,,,,,,,,,,,,,14610,
,"Third Sector","Third Sector Employment Statistics","Third Sector Employment Statistics","DEADLINK",,,,"Internal","Routine",,,,,,,,,,,,,,,,,,,
,"Transport and Travel","Availability of Transport Accessibility Information for Disabled People","Availability of Transport Accessibility Information for Disabled People","DEADLINK",2006,,,"Internal","Ad Hoc",,,,,,,,,,,,,,,,,,13149,
,"Transport and Travel","Bus and Coach Statistics","Bus and Coach Statistics","DEADLINK",,,,"Internal","Ad Hoc",,,,,,,,,,,,,,,,,,,
,"Transport and Travel","Crash Map","Crash Map","http://www.crashmap.co.uk/",,,,"External","Ad Hoc",,,,,,,,,,,,,,,,,,,
,"Transport and Travel","Evaluation of National Concessionary Travel in Scotland","Evaluation of National Concessionary Travel in Scotland","http://www.gov.scot/Publications/2009/05/13144419/0",2009,2009-05-01,,"Internal","Ad Hoc",,,,,,,,,,,,,,,,,,14365,
,"Transport and Travel","High Level Summary of Equality Statistics","High Level Summary of Equality Statistics 2006","http://www.gov.scot/Publications/2006/11/20102424/0",2006,,,"Internal","Ad Hoc",,,,,,,,,,,,,,,,,,13149,
,"Transport and Travel","National Transport Strategy: User Consultation","National Transport Strategy: User Consultation","http://www.gov.scot/Publications/2006/10/31105522/0",2006,2006-10-01,,"Internal","Ad Hoc",,,,,,,,,,,,,,,,,,13422,
,"Transport and Travel","National Travel Survey Scottish results","National Travel Survey Scottish results","DEADLINK",,,,"Internal","Ad Hoc",,,,,,,,,,,,,,,,,,,
,"Transport and Travel","Qualitative Research with Young People: Road Safety","Qualitative Research with Young People: Road Safety","DEADLINK",2008,,,"Internal","Ad Hoc",,,,,,,,,,,,,,,,,,13879,
,"Transport and Travel","Reported Road Casualties Scotland","Reported Road Casualties Scotland 2016","https://www.transport.gov.scot/publication/reported-road-casualties-scotland-2016/",2017,2017-10-01,,"Internal","Routine",,,,,,,,,,,,,,,,,,17440,
"shs12_travel","Transport and Travel","Scottish Household Survey: Travel Diary","Scottish Household Survey 2012","https://www.transport.gov.scot/our-approach/statistics#42765",2013,,,"Internal","Ad Hoc",,,,,,,,,,,,,,,,,,15706,
"transport16","Transport and Travel","Scottish Transport Statistics","Scottish Transport Statistics 2016","https://www.transport.gov.scot/publication/scottish-transport-statistics-no-35-2016-edition/",2017,2017-02-01,,"Internal","Routine",,,,,,,,,,,,,,,,,,17198,
,"Transport and Travel","Tackling the Abuse of Off-Street Parking for People with Disabilities in Scotland","Tackling the Abuse of Off-Street Parking for People with Disabilities in Scotland","DEADLINK",2007,,,"Internal","Ad Hoc",,,,,,,,,,,,,,,,,,13514,
"travel16","Transport and Travel","Transport and Travel in Scotland","Transport and Travel in Scotland 2016","https://www.transport.gov.scot/publication/26-september-2017-transport-and-travel-in-scotland-2016/",2017,2017-09-01,,"Internal","Routine",,,,,,,,,,,,,,,,,,17410,
,"Transport and Travel","Understanding Why Some People Do Not Use Buses","Understanding Why Some People Do Not Use Buses","DEADLINK",2010,,,"Internal","Ad Hoc",,,,,,,,,,,,,,,,,,14610,
